COMPANY/CONTACT,PHONE NUMBER,Category
,,
Clearview,1-888-778-3950,General
Chase Payment Tech,1-866-501-9148 ,General
Chase Merchant ID,1664730031,General
Quick Service,1-800-463-7655,General
Cash Guard Safe,905-528-7233,General
P.O.P Hotline,1-888-339-5994,General
P.O.P Direct Line for CO-OP,1-905-799-0092 ,General
Regency Signs / Brian Rogers,905-526-1585,General
Thorntronics / Brian HME,1-877-633-5540,General
Taylor TFI ,1-800-387-2529,General
QBD,1-800-663-3005,General
Snow Removal / Lorenzo,905-902-8666,General
Island Ink,905-388-7624,General
UPS Store Upper James,905-383-7000,General
FedEx ,1-800-463-3339,General
Locksmart Cameras / John,905-387-0123,General
William Groves,905-545-1117,General
Binbrook,905-549-7252,General
Reliance Energy 941 Hot Water,1-866-735-4262,General
MIKES Repairs,905-971-4455,General
Gord Accountant,905-527-0125,General
WSIB Manager,1-800-263-8488,General
Ministry of Labour - Employment,1-800-531-5551,General
Ministry of Labour - Health/Safety,1-877-202-0008,General
Window Washer,905-385-0254,General
Wilson Air,905-548-6313,General
Adrian - Kontiki Services,647-807-9085,General
Chris Wilson,905-963-8474,General